id,created_at,content,url,media,replies_count,reblogs_count,favourites_count
117071135057100871,2026-08-10T12:09:15.143Z,"This is big news! Lazy Senators donât play well in Iowa. President DJTIowa Democratsâ U.S. Senate candidate has absentee problem, missed nearly 60% of legislative votes: https://justthenews.com/politics-policy/elections/iowa-state-house-democrat-josh-turek-missed-nearly-60-votes-during-2026",https://truthsocial.com/@realDonaldTrump/117071135057100871,,607,1554,4516
117068101532228577,2026-08-09T23:17:47.227Z,Exclusive â Inside Greeceâs Migrant Control Operation Center: Migration Minister Reveals How Trump Win Sparked Worldwide Border Crackdown: https://www.breitbart.com/europe/2026/08/09/exclusive-inside-greeces-migrant-control-operation-center-migration-minister-reveals-how-trump-win-sparked-worldwide-border-crackdown/,https://truthsocial.com/@realDonaldTrump/117068101532228577,,1043,3472,12785
117067979698523937,2026-08-09T22:46:48.193Z,,https://truthsocial.com/@realDonaldTrump/117067979698523937,https://static-assets-1.truthsocial.com/tmtg:prime-ts-assets/media_attachments/files/117/067/979/555/326/091/original/5ef3267dd0e67898.jpg,1401,2890,14391
117067974981018254,2026-08-09T22:45:36.210Z,,https://truthsocial.com/@realDonaldTrump/117067974981018254,https://static-assets-1.truthsocial.com/tmtg:prime-ts-assets/media_attachments/files/117/067/974/809/882/665/original/5b6798041850ddae.jpg,590,2686,11996
117067966397933602,2026-08-09T22:43:25.242Z,,https://truthsocial.com/@realDonaldTrump/117067966397933602,https://static-assets-1.truthsocial.com/tmtg:prime-ts-assets/media_attachments/files/117/067/965/631/232/369/original/dbed6d6eac85da49.mp4,336,2073,9615
117067837821298859,2026-08-09T22:10:43.319Z,"ALERT: A National Park Service career employee, a highly credible witness, saw David Hearn (ActBlue) in broad daylight vandalize the Reflecting Pool by âviolentlyâ ripping and tugging at the Poolâs somewhat delicate coating. The National Park Service employee provided this witness testimony to the U.S. Attorneyâs Office in early July, as seen below. Numerous other events took place, including using an acid like material on the just installed grass adjoining the Pool. On it were written the letters, â86 47,â a phrase probably gotten from James Comey. There was substantial other damage to the Reflecting Pool, also but, unfortunately, there is no video or proof, other than the damage, itself. We are working on the Pool, and it will reopen shortly. As with many jobs, there was also some contractor error done by rushing the job for a July 4th opening, but it was a very small area of this massive Pool, and was relatively inconsequential. Security cameras have been, and are being, installed. Thank you for your attention to this matter! President DONALD J. TRUMP",https://truthsocial.com/@realDonaldTrump/117067837821298859,https://static-assets-1.truthsocial.com/tmtg:prime-ts-assets/media_attachments/files/117/067/821/587/337/075/original/294bce9875dac04a.jpg,1610,4642,14885
117067668006565228,2026-08-09T21:27:32.150Z,"It is my Great Honor to announce that, effective September 1st, Will Scharf will become Assistant to the President and White House Counsel, replacing a man, David Warrington, who has done a truly outstanding job as White House Counsel and, before that, for my Presidential Campaign. David will be going on to the Private Sector.Â Will has done an amazing job in his current role as White House Staff Secretary, and has also served as Chairman of the National Capital Planning Commission.Â I know Will well! He previously represented me in numerous cases, including at the Supreme Court, during the Biden Administrationâs corrupt and illegal campaign of Weaponization.Â He also previously served as a Federal Prosecutor, worked as an attorney in private practice, clerked for two Federal Appeals Court Judges, and was a top student at both Princeton University, and Harvard Law School. Will is Tough, Strong, and Smart! He also loves our Country, and respects the Law. Will Scharf will do a great job as White House Counsel! President DONALD J. TRUMP",https://truthsocial.com/@realDonaldTrump/117067668006565228,,436,3016,13285
117067614963933704,2026-08-09T21:14:02.784Z,"Black and Brown Voters donât want Communism or Socialism â Not surprisingly, they are flocking to the Republican Party! They remember that Abraham Lincoln was a Republican! President DONALD J. TRUMP",https://truthsocial.com/@realDonaldTrump/117067614963933704,,1223,4656,18463
117067527191152715,2026-08-09T20:51:43.479Z,"With the great Gary Player, today, at Bedminster!",https://truthsocial.com/@realDonaldTrump/117067527191152715,https://static-assets-1.truthsocial.com/tmtg:prime-ts-assets/media_attachments/files/117/067/526/736/652/646/original/4d0bf534ed79853b.jpg,667,2815,15566
117067520999490226,2026-08-09T20:50:09.002Z,51 years of bad behavior!,https://truthsocial.com/@realDonaldTrump/117067520999490226,https://static-assets-1.truthsocial.com/tmtg:prime-ts-assets/media_attachments/files/117/067/520/830/478/688/original/2924cbdbb0d12463.jpg,1051,3262,13374
117067497912465638,2026-08-09T20:44:16.721Z,"The 10th Hole at Trump International Golf Club, Palm Beach County, Florida!",https://truthsocial.com/@realDonaldTrump/117067497912465638,https://static-assets-1.truthsocial.com/tmtg:prime-ts-assets/media_attachments/files/117/067/496/743/111/454/original/e454aafb4bc907a1.mp4,441,2099,11256
117067400225404799,2026-08-09T20:19:26.136Z,RT: https://truthsocial.com/users/realDonaldTrump/statuses/117067399388398239,https://truthsocial.com/@realDonaldTrump/117067400225404799,https://static-assets-1.truthsocial.com/tmtg:prime-ts-assets/media_attachments/files/117/067/399/930/192/787/original/a1e8db01f59ca5e3.png,674,3464,11269
117067399388398239,2026-08-09T20:19:13.365Z,,https://truthsocial.com/@realDonaldTrump/117067399388398239,https://static-assets-1.truthsocial.com/tmtg:prime-ts-assets/media_attachments/files/117/067/398/772/470/921/original/1576ba7ed6fc0a4c.mp4,230,1966,8323
117066600252281502,2026-08-09T16:55:59.514Z,Gary Player at Trump Turnberry!,https://truthsocial.com/@realDonaldTrump/117066600252281502,https://static-assets-1.truthsocial.com/tmtg:prime-ts-assets/media_attachments/files/117/066/574/888/429/170/original/c61aa6d0e798891f.jpg,700,2333,12369
117066584024874286,2026-08-09T16:51:51.904Z,"Hillary Clinton: âThe world may not like Trumpâs Gaza plan â but there is no alternative: If even I, an implacable opponent of the president, can accept this as the best option, then surely others can too?âhttps://www.ft.com/content/2472e584-758b-4a3f-83d1-9fba042a9312",https://truthsocial.com/@realDonaldTrump/117066584024874286,https://static-assets-1.truthsocial.com/tmtg:prime-ts-assets/media_attachments/files/117/066/505/714/981/705/original/d1821a65a67218b0.jpg; https://static-assets-1.truthsocial.com/tmtg:prime-ts-assets/media_attachments/files/117/066/505/714/747/525/original/33d616a988c74948.jpg; https://static-assets-1.truthsocial.com/tmtg:prime-ts-assets/media_attachments/files/117/066/505/714/796/831/original/73142d9c0d75842c.jpg,1122,3214,11202
117065799723188252,2026-08-09T13:32:24.410Z,,https://truthsocial.com/@realDonaldTrump/117065799723188252,https://static-assets-1.truthsocial.com/tmtg:prime-ts-assets/media_attachments/files/117/065/799/625/265/746/original/034aa6c382d7d2cb.jpg,1714,3160,14355
117063165801239278,2026-08-09T02:22:33.950Z,,https://truthsocial.com/@realDonaldTrump/117063165801239278,https://static-assets-1.truthsocial.com/tmtg:prime-ts-assets/media_attachments/files/117/063/165/617/362/892/original/2bfb3d1cb1481686.jpg,1524,3443,13694
117063165308639374,2026-08-09T02:22:26.434Z,,https://truthsocial.com/@realDonaldTrump/117063165308639374,https://static-assets-1.truthsocial.com/tmtg:prime-ts-assets/media_attachments/files/117/063/165/096/941/461/original/eed00b087e91b8c3.jpg,618,2778,12045
117063164763452313,2026-08-09T02:22:18.116Z,,https://truthsocial.com/@realDonaldTrump/117063164763452313,https://static-assets-1.truthsocial.com/tmtg:prime-ts-assets/media_attachments/files/117/063/164/496/156/194/original/51dbef5a8ebc7c79.jpg,569,3279,15307
117063164025384663,2026-08-09T02:22:06.853Z,,https://truthsocial.com/@realDonaldTrump/117063164025384663,https://static-assets-1.truthsocial.com/tmtg:prime-ts-assets/media_attachments/files/117/063/163/883/129/141/original/7e3eba193d53f8ae.jpg,345,2796,14294
117063163593295206,2026-08-09T02:22:00.260Z,,https://truthsocial.com/@realDonaldTrump/117063163593295206,https://static-assets-1.truthsocial.com/tmtg:prime-ts-assets/media_attachments/files/117/063/163/278/054/694/original/f99e14baee2ea1bf.jpg,296,2487,13009
117063162955258981,2026-08-09T02:21:50.524Z,,https://truthsocial.com/@realDonaldTrump/117063162955258981,https://static-assets-1.truthsocial.com/tmtg:prime-ts-assets/media_attachments/files/117/063/162/698/569/138/original/efddbaf8bc1b5330.jpg,2257,4573,17120
117063162328917337,2026-08-09T02:21:40.967Z,,https://truthsocial.com/@realDonaldTrump/117063162328917337,https://static-assets-1.truthsocial.com/tmtg:prime-ts-assets/media_attachments/files/117/063/162/166/932/429/original/349416d916733de3.jpg,926,2891,15099
117063161789642512,2026-08-09T02:21:32.738Z,,https://truthsocial.com/@realDonaldTrump/117063161789642512,https://static-assets-1.truthsocial.com/tmtg:prime-ts-assets/media_attachments/files/117/063/161/603/895/902/original/f94bca20193a777b.jpg,356,3015,14509
117063161687061697,2026-08-09T02:21:31.173Z,,https://truthsocial.com/@realDonaldTrump/117063161687061697,https://static-assets-1.truthsocial.com/tmtg:prime-ts-assets/media_attachments/files/117/063/160/990/078/366/original/0a21ed5b3bc8d1e7.jpg,640,3174,16040
117063159545723427,2026-08-09T02:20:58.497Z,Trump's Vegas Visit Hammers Tax Wins: https://townhall.com/news/cameron-arcand/2026/08/05/trumps-vegas-hit-hammers-tax-wins-n2680764,https://truthsocial.com/@realDonaldTrump/117063159545723427,,195,2434,11706
117063158411074182,2026-08-09T02:20:41.184Z,"Jobless Claims Remain Below 200,000 For Third Straight WeekâFirst Time in 57 Years: https://www.breitbart.com/economy/2026/08/06/jobless-claims-remain-below-200000-for-third-straight-week-for-first-time-in-57-years/",https://truthsocial.com/@realDonaldTrump/117063158411074182,,378,2886,12391
117063157165945336,2026-08-09T02:20:22.185Z,Trump: US Has 'Massive' Amounts of Munitions: https://www.newsmax.com/politics/donald-trump-munitions-shortages/2026/08/06/id/1265250/,https://truthsocial.com/@realDonaldTrump/117063157165945336,,486,2557,11765
117063156331577591,2026-08-09T02:20:09.454Z,Trump to host more than 120 Team USA Winter Olympians and Paralympians: https://www.usatoday.com/story/news/politics/2026/08/06/trump-hosts-winter-olympians-paralympians-white-house-rose-garden/91189071007/,https://truthsocial.com/@realDonaldTrump/117063156331577591,,179,2202,11217
117063155226329500,2026-08-09T02:19:52.589Z,Trump gets immigration victory as federal judge clears path to end Haiti TPS following Supreme Court ruling: https://nypost.com/2026/08/05/us-news/trump-gets-immigration-victory-as-federal-judge-clears-path-to-end-haiti-tps/,https://truthsocial.com/@realDonaldTrump/117063155226329500,,446,2915,12764
117063154145033716,2026-08-09T02:19:36.089Z,EXCLUSIVE: White House Launches Fraud Website To Highlight Successes Of TaskÂ Force: https://www.dailywire.com/news/exclusive-white-house-launches-fraud-website-to-highlight-successes-of-task-force,https://truthsocial.com/@realDonaldTrump/117063154145033716,,347,2779,11774
117062801672258297,2026-08-09T00:49:57.783Z,,https://truthsocial.com/@realDonaldTrump/117062801672258297,https://static-assets-1.truthsocial.com/tmtg:prime-ts-assets/media_attachments/files/117/062/801/226/536/968/original/9b150162b1929719.jpg,526,2173,10768
117062728016276280,2026-08-09T00:31:13.882Z,Trump Aberdeen!,https://truthsocial.com/@realDonaldTrump/117062728016276280,https://static-assets-1.truthsocial.com/tmtg:prime-ts-assets/media_attachments/files/117/062/723/510/156/119/original/281fdb86cc057d22.jpg,649,2583,12837
117061655895656555,2026-08-08T19:58:34.618Z,RT: https://truthsocial.com/users/mrddmia/statuses/117060035123254425Very true! President DJT,https://truthsocial.com/@realDonaldTrump/117061655895656555,,899,3301,13651
117061633436594617,2026-08-08T19:52:51.920Z,Great Poll Numbers. Thank You!!! President DJT,https://truthsocial.com/@realDonaldTrump/117061633436594617,,1216,3012,15528
117061628394581449,2026-08-08T19:51:34.985Z,Cash is king: Washington Republicans bankroll midterms as National Democrat coffers are in the red: https://justthenews.com/politics-policy/elections/cash-king-republicans-bankroll-midterms-democrat-coffers-are-red,https://truthsocial.com/@realDonaldTrump/117061628394581449,,550,2902,12971
117061626683883531,2026-08-08T19:51:08.881Z,"More than 600,000 voter files ripped off Arizona site in 2020 by hacker, but DOJ didn't prosecute: https://justthenews.com/government/courts-law/6amhundreds-thousands-voter-files-were-hacked-arizona-2020-doj-declined",https://truthsocial.com/@realDonaldTrump/117061626683883531,,1074,5123,13583
117061625172029469,2026-08-08T19:50:45.813Z,New evidence further undermines claim that 2020 election was âmost secureâ in history: https://justthenews.com/politics-policy/elections/new-evidence-further-undermines-claim-2020-election-was-most-secure,https://truthsocial.com/@realDonaldTrump/117061625172029469,,728,3964,12878
117060987719435030,2026-08-08T17:08:39.059Z,,https://truthsocial.com/@realDonaldTrump/117060987719435030,https://static-assets-1.truthsocial.com/tmtg:prime-ts-assets/media_attachments/files/117/061/064/961/695/036/original/25a57898aab4f2a0.mp4,3997,4930,14236
117059578415762701,2026-08-08T11:10:14.793Z,RT: https://truthsocial.com/users/realDonaldTrump/statuses/117059577812036128,https://truthsocial.com/@realDonaldTrump/117059578415762701,https://static-assets-1.truthsocial.com/tmtg:prime-ts-assets/media_attachments/files/117/059/578/279/711/991/original/efa0f66eedf3d7d5.png,3194,7082,20001
117059577812036128,2026-08-08T11:10:05.579Z,,https://truthsocial.com/@realDonaldTrump/117059577812036128,https://static-assets-1.truthsocial.com/tmtg:prime-ts-assets/media_attachments/files/117/059/128/790/315/583/original/010a6012f3532fb1.mp4,675,3027,11965
117059577111765428,2026-08-08T11:09:54.893Z,RT @realDonaldTrump,https://truthsocial.com/@realDonaldTrump/117059577111765428,,0,0,2
117059576602896182,2026-08-08T11:09:47.130Z,,https://truthsocial.com/@realDonaldTrump/117059576602896182,https://static-assets-1.truthsocial.com/tmtg:prime-ts-assets/media_attachments/files/117/059/115/609/705/201/original/10b6d32ff3c6c00d.jpg,817,3305,16991
117059576070730051,2026-08-08T11:09:39.012Z,,https://truthsocial.com/@realDonaldTrump/117059576070730051,https://static-assets-1.truthsocial.com/tmtg:prime-ts-assets/media_attachments/files/117/059/575/931/216/300/original/1d599ebcdf242f90.jpg,384,3127,13855
117059574061763276,2026-08-08T11:09:08.356Z,,https://truthsocial.com/@realDonaldTrump/117059574061763276,https://static-assets-1.truthsocial.com/tmtg:prime-ts-assets/media_attachments/files/117/059/113/304/957/372/original/03c7b42eaee5b6c3.jpg,774,3445,15582
117059569406743326,2026-08-08T11:07:57.325Z,Eric Schmitt is a STAR!!! President DJT,https://truthsocial.com/@realDonaldTrump/117059569406743326,https://static-assets-1.truthsocial.com/tmtg:prime-ts-assets/media_attachments/files/117/059/112/649/082/927/original/dabde16895fc18d1.mp4,246,2638,11526
117057627008755167,2026-08-08T02:53:58.687Z,RT: https://truthsocial.com/users/realDonaldTrump/statuses/117057626226861348,https://truthsocial.com/@realDonaldTrump/117057627008755167,https://static-assets-1.truthsocial.com/tmtg:prime-ts-assets/media_attachments/files/117/057/626/805/483/713/original/9b46d37cef0e9b5d.png,1858,6085,21182
117057626226861348,2026-08-08T02:53:46.754Z,,https://truthsocial.com/@realDonaldTrump/117057626226861348,https://static-assets-1.truthsocial.com/tmtg:prime-ts-assets/media_attachments/files/117/057/620/799/691/051/original/c7e2c7c3328c43f4.mp4,449,2725,11791
117057509638719175,2026-08-08T02:24:07.760Z,,https://truthsocial.com/@realDonaldTrump/117057509638719175,https://static-assets-1.truthsocial.com/tmtg:prime-ts-assets/media_attachments/files/117/057/509/465/256/219/original/ab60e5c988c5f62b.jpg,1628,4697,18436
117057479378658176,2026-08-08T02:16:26.027Z,,https://truthsocial.com/@realDonaldTrump/117057479378658176,https://static-assets-1.truthsocial.com/tmtg:prime-ts-assets/media_attachments/files/117/057/479/254/201/507/original/ebd29330efe86f64.jpg,1074,2301,11024
117057476992290409,2026-08-08T02:15:49.615Z,,https://truthsocial.com/@realDonaldTrump/117057476992290409,https://static-assets-1.truthsocial.com/tmtg:prime-ts-assets/media_attachments/files/117/057/476/757/508/888/original/47f71ccdd797fdb9.jpg,602,2828,11197
117057476136418935,2026-08-08T02:15:36.555Z,,https://truthsocial.com/@realDonaldTrump/117057476136418935,https://static-assets-1.truthsocial.com/tmtg:prime-ts-assets/media_attachments/files/117/057/475/874/076/589/original/3a10866f0fef2ec8.jpg,343,2598,10506
117057475422420857,2026-08-08T02:15:25.660Z,,https://truthsocial.com/@realDonaldTrump/117057475422420857,https://static-assets-1.truthsocial.com/tmtg:prime-ts-assets/media_attachments/files/117/057/475/149/274/647/original/897f09f7d1e2c6ad.jpg,346,2862,12352
117057432376326350,2026-08-08T02:04:28.829Z,"This great and very important military asset sits atop the heavily protected Ballroom at the White House. It provides National Security for Washington, D.C., and will protect future Presidents!!! President DJT",https://truthsocial.com/@realDonaldTrump/117057432376326350,https://static-assets-1.truthsocial.com/tmtg:prime-ts-assets/media_attachments/files/117/057/431/843/811/684/original/b0e139c20d72c7b4.jpg,506,3499,14425
117057342760619458,2026-08-08T01:41:41.401Z,Donald Trump Won The Iran War: https://www.19fortyfive.com/2026/08/donald-trump-won-the-iran-war/,https://truthsocial.com/@realDonaldTrump/117057342760619458,,722,2752,11750
117057340319953837,2026-08-08T01:41:04.160Z,Just kidding!,https://truthsocial.com/@realDonaldTrump/117057340319953837,https://static-assets-1.truthsocial.com/tmtg:prime-ts-assets/media_attachments/files/117/057/340/014/709/099/original/cb7c3874824af96d.jpg,1158,3309,14687
117057337894030242,2026-08-08T01:40:27.144Z,,https://truthsocial.com/@realDonaldTrump/117057337894030242,https://static-assets-1.truthsocial.com/tmtg:prime-ts-assets/media_attachments/files/117/057/337/620/068/928/original/7b7204848439ba1d.jpg,609,2446,12113
117057337168849076,2026-08-08T01:40:16.078Z,,https://truthsocial.com/@realDonaldTrump/117057337168849076,https://static-assets-1.truthsocial.com/tmtg:prime-ts-assets/media_attachments/files/117/057/337/010/499/198/original/6f964b7c8423fc4c.jpg,259,2211,11626
117057336381597225,2026-08-08T01:40:04.065Z,,https://truthsocial.com/@realDonaldTrump/117057336381597225,https://static-assets-1.truthsocial.com/tmtg:prime-ts-assets/media_attachments/files/117/057/336/264/790/037/original/3e26f7b4be0a98dc.jpg,449,2464,11707
117057335936702979,2026-08-08T01:39:57.278Z,,https://truthsocial.com/@realDonaldTrump/117057335936702979,https://static-assets-1.truthsocial.com/tmtg:prime-ts-assets/media_attachments/files/117/057/335/549/243/540/original/d5878d93e342b93e.jpg,204,2182,11295
